<TICKER>;<PER>;<DATE>;<TIME>;<OPEN>;<HIGH>;<LOW>;<CLOSE>;<VOL>
VKCO;60;231208;110000;581;588;581;585.4;134,527
VKCO;60;231208;120000;585.4;587.8;585.2;586.2;103,728
VKCO;60;231208;130000;586.2;587.4;584.8;586;79,947
VKCO;60;231208;140000;586.2;586.6;582;583;101,022
VKCO;60;231208;150000;583;583;578.2;578.4;61,959
VKCO;60;231208;160000;578.6;581.6;577.4;580;71,493
VKCO;60;231208;170000;580.2;581;578.6;580;35,977
VKCO;60;231208;180000;580;581.2;578.4;579;30,485
VKCO;60;231208;190000;578.8;579;575;575.8;54,370
VKCO;60;231208;200000;576.8;577.8;574;577.6;30,506
VKCO;60;231208;210000;577.6;577.8;575;575.6;17,642
VKCO;60;231208;220000;575.4;576;574;574.6;40,555
VKCO;60;231208;230000;574.4;575;573;574;56,846
VKCO;60;231209;000000;574;574.6;572;573.6;20,327
VKCO;60;231211;110000;574.2;575;560.6;561.6;402,415
VKCO;60;231211;120000;561.8;566;560.8;564.6;266,780
VKCO;60;231211;130000;564.4;565.4;558;560.8;327,364
VKCO;60;231211;140000;561;561.4;555.4;556;160,206
VKCO;60;231211;150000;556.2;557.8;551.2;553.2;295,566
VKCO;60;231211;160000;553.2;556;551;552.6;303,050
VKCO;60;231211;170000;552.4;555.4;550;553.8;195,031
VKCO;60;231211;180000;554;558.8;553.4;557;129,040
VKCO;60;231211;190000;557;557.4;551.2;552.2;63,660
VKCO;60;231211;200000;552.2;552.6;543.6;549.2;228,876
VKCO;60;231211;210000;549;549.2;545.4;547.4;45,789
VKCO;60;231211;220000;547.4;547.6;541.2;543.2;130,370
VKCO;60;231211;230000;543.2;543.4;536.8;539.8;135,557
VKCO;60;231212;000000;539.8;542;537.2;539.8;55,276
VKCO;60;231212;110000;541.6;546.8;532.8;537.8;582,016
VKCO;60;231212;120000;537.8;538.4;520.2;527.6;967,204
VKCO;60;231212;130000;527.4;533;527.4;531.8;324,811
VKCO;60;231212;140000;531.8;536.8;531.2;536;133,411
VKCO;60;231212;150000;536.2;539;534;538.6;127,743
VKCO;60;231212;160000;538.6;539.2;533.2;537.6;121,730
VKCO;60;231212;170000;537.6;540;537.2;539.2;152,600
VKCO;60;231212;180000;539.2;542.4;539;541.2;176,458
VKCO;60;231212;190000;541.2;541.4;538.2;538.2;48,294
VKCO;60;231212;200000;538.2;538.2;533.4;537.4;51,010
VKCO;60;231212;210000;537.4;538;533.4;535;17,359
VKCO;60;231212;220000;535;535.6;531.6;533.8;26,609
VKCO;60;231212;230000;533.6;533.8;532;533.6;15,828
VKCO;60;231213;000000;533.6;537.8;533.2;534.4;21,847
VKCO;60;231213;110000;534.6;554.2;532.8;549.8;637,573
VKCO;60;231213;120000;549.8;551.6;544.6;550.6;186,594
VKCO;60;231213;130000;551;563;550.8;557.4;393,948
VKCO;60;231213;140000;557.4;563;556.8;559.4;137,000
VKCO;60;231213;150000;559.4;560.8;552.8;558.4;195,709
VKCO;60;231213;160000;558.8;560.4;556;556.2;63,013
VKCO;60;231213;170000;556.6;558;555.8;556.4;39,473
VKCO;60;231213;180000;557;557.4;553.6;554;92,063
VKCO;60;231213;190000;554.2;554.4;551;552.2;57,815
VKCO;60;231213;200000;552.2;554;550.2;552.6;60,832
VKCO;60;231213;210000;552.8;560;551.6;554.8;91,016
VKCO;60;231213;220000;554.8;556;553;553.8;12,909
VKCO;60;231213;230000;553.8;555.6;552;554.8;33,320
VKCO;60;231214;000000;554.6;554.8;552;554.8;43,694
VKCO;60;231214;110000;559.8;564;555;556;257,269
VKCO;60;231214;120000;556;562;556;556.6;88,178
VKCO;60;231214;130000;556.8;559.4;556;557;48,401
VKCO;60;231214;140000;556.8;556.8;551.2;553;84,630
VKCO;60;231214;150000;552.8;554.2;551;551.8;42,915
VKCO;60;231214;160000;552;553.6;551;553;54,590
VKCO;60;231214;170000;553.2;554;553;553.2;40,424
VKCO;60;231214;180000;553.2;554.2;551.2;552.2;58,625
VKCO;60;231214;190000;552;552.4;550.4;550.6;54,690
VKCO;60;231214;200000;550.6;552.6;545;549.2;100,670
VKCO;60;231214;210000;548.6;549.2;545;545;34,961
VKCO;60;231214;220000;545;546.8;545;546.2;48,131
VKCO;60;231214;230000;546.2;546.6;545;545.4;26,481
VKCO;60;231215;000000;545.8;545.8;545;545;12,065
VKCO;60;231215;110000;545.2;550;543.2;548.6;80,159
VKCO;60;231215;120000;548.6;554.2;548;550.4;116,694
VKCO;60;231215;130000;550.4;551.6;545.2;548;45,664
VKCO;60;231215;140000;548;562;543;553.6;276,629
VKCO;60;231215;150000;553.6;562;553.6;561.2;155,596
VKCO;60;231215;160000;560.8;561.4;556;557.8;56,130
VKCO;60;231215;170000;558;573.4;557.4;570;393,925
VKCO;60;231215;180000;570;570.2;564;567.8;127,113
VKCO;60;231215;190000;567.8;568.2;565.2;566;36,787
VKCO;60;231215;200000;566;569.6;564.8;568;31,963
VKCO;60;231215;210000;567.8;570;567.6;568.8;22,310
VKCO;60;231215;220000;568.8;569.4;567.4;569.4;17,001
VKCO;60;231215;230000;569;569.6;567.4;567.4;14,297
VKCO;60;231216;000000;567.6;568;566;566.8;23,798
VKCO;60;231218;110000;571.6;582;557;576.6;619,155
VKCO;60;231218;120000;576.4;581;576;580.2;140,636
VKCO;60;231218;130000;580.8;583.2;576.2;579;140,965
VKCO;60;231218;140000;578.8;579.6;574.4;576;82,636
VKCO;60;231218;150000;576.2;581.6;575.4;581.4;69,438
VKCO;60;231218;160000;581.4;585;580.8;581.2;149,627
VKCO;60;231218;170000;581.2;581.4;578.4;579.8;51,947
VKCO;60;231218;180000;580;583.8;575.4;580.8;128,792
VKCO;60;231218;190000;580.8;586;579.6;584.6;109,628
VKCO;60;231218;200000;584.6;584.6;577.2;580.6;52,856
VKCO;60;231218;210000;580.6;582;580.4;581.8;15,036
VKCO;60;231218;220000;581.8;585.2;579;583.8;72,418
VKCO;60;231218;230000;583.6;584.8;583.4;584.2;21,057
VKCO;60;231219;000000;584.2;584.6;582.4;583;21,833
VKCO;60;231219;110000;583;588;580.4;581.8;197,177
VKCO;60;231219;120000;581.4;583.8;580;582.6;92,090
VKCO;60;231219;130000;582.8;583;579;580.6;65,999
VKCO;60;231219;140000;580.2;581;576.8;578.8;86,155
VKCO;60;231219;150000;578.2;579.4;575.8;579;63,900
VKCO;60;231219;160000;579;579;572.4;574.4;92,863
VKCO;60;231219;170000;574.2;576.8;573.2;576.2;49,722
VKCO;60;231219;180000;576.2;576.8;572.6;573.6;51,827
VKCO;60;231219;190000;573.6;575.6;570.8;572;71,063
VKCO;60;231219;200000;573;580.8;572.4;580.2;98,714
VKCO;60;231219;210000;580.2;580.2;575;577.8;54,765
VKCO;60;231219;220000;578;580.2;577.2;580.2;23,911
VKCO;60;231219;230000;580;580.2;578;579.2;15,489
VKCO;60;231220;000000;579.2;579.4;577;578;19,597
VKCO;60;231220;110000;578.8;582.6;578;579.4;111,578
VKCO;60;231220;120000;579.6;583.6;578;579.2;105,288
VKCO;60;231220;130000;579.2;580.6;577.2;578.4;49,640
VKCO;60;231220;140000;578.4;579;575.4;577;81,088
VKCO;60;231220;150000;577;577.8;576;577;31,575
VKCO;60;231220;160000;577.2;579;577;578.4;36,075
VKCO;60;231220;170000;578.4;579;577.4;577.8;38,018
VKCO;60;231220;180000;577.8;578.4;576;577.2;67,881
VKCO;60;231220;190000;577;578.2;575.2;578;51,217
VKCO;60;231220;200000;579;579;575.4;576.4;22,571
VKCO;60;231220;210000;576;577.2;576;576.2;9,469
VKCO;60;231220;220000;576.2;578;575.6;577.2;18,996
VKCO;60;231220;230000;577.6;577.6;576.4;576.6;4,715
VKCO;60;231221;000000;576.6;577;575.8;576.2;12,971
VKCO;60;231221;110000;575.8;577.8;566;567;200,276
VKCO;60;231221;120000;567;569.8;565.8;567;121,818
VKCO;60;231221;130000;567;572.4;563.8;568.2;185,729
VKCO;60;231221;140000;568.4;569.4;567.2;567.4;76,768
VKCO;60;231221;150000;567.4;568.4;564;564.4;111,489
VKCO;60;231221;160000;564.4;567.2;562.6;564.2;134,179
VKCO;60;231221;170000;564.4;568.4;564.2;564.8;77,691
VKCO;60;231221;180000;564.8;567.6;564.2;567;28,587
VKCO;60;231221;190000;567;569.2;566.4;567.6;45,117
VKCO;60;231221;200000;568.8;569;565.6;566.6;47,784
VKCO;60;231221;210000;566.8;567.6;563.2;563.6;30,225
VKCO;60;231221;220000;563.6;564.6;563.2;564;33,380
VKCO;60;231221;230000;563.8;564.4;562.8;562.8;20,354
VKCO;60;231222;000000;563;564.4;562;563.6;28,462
VKCO;60;231222;110000;564.8;577.8;564;577;287,003
VKCO;60;231222;120000;576.8;578;570.4;573.6;126,259
VKCO;60;231222;130000;573.4;574;570.2;570.8;59,169
VKCO;60;231222;140000;570.6;572.2;569.2;571.8;81,205
VKCO;60;231222;150000;571.6;572;568;569;95,218
VKCO;60;231222;160000;569;571.4;568;569;33,839
VKCO;60;231222;170000;568.6;570;568.4;569;14,669
VKCO;60;231222;180000;569;569;568;569;34,943
VKCO;60;231222;190000;569;571.2;568.8;569.6;28,625
VKCO;60;231222;200000;569.4;570;565;566;86,738
VKCO;60;231222;210000;565.8;566.8;565.4;566.2;13,169
VKCO;60;231222;220000;566.4;567.4;565.2;567.4;14,560
VKCO;60;231222;230000;567.4;567.4;565.2;565.6;27,011
VKCO;60;231223;000000;566.2;566.2;563.6;565.4;40,428
VKCO;60;231225;110000;567.8;572.4;567.4;570.6;186,154
VKCO;60;231225;120000;570.2;572;568;569.2;156,904
VKCO;60;231225;130000;569.4;570.2;568.2;570.2;87,015
VKCO;60;231225;140000;570;570.2;569;569.4;68,189
VKCO;60;231225;150000;569.4;569.6;565.6;566.4;123,235
VKCO;60;231225;160000;566.4;567.8;560.8;563.2;205,813
VKCO;60;231225;170000;563.2;566;563.2;565;75,834
VKCO;60;231225;180000;564.8;565;562.4;562.8;55,484
VKCO;60;231225;190000;563;563.6;558.2;561.6;96,915
VKCO;60;231225;200000;561.6;564.2;560.2;564;38,444
VKCO;60;231225;210000;564;564;562.6;563;13,745
VKCO;60;231225;220000;563;564.8;562.6;564.8;12,794
VKCO;60;231225;230000;564.6;565.2;563;563.8;15,428
VKCO;60;231226;000000;563.8;564.4;562.2;563;34,060
VKCO;60;231226;110000;564;565.2;556.2;557.6;214,282
VKCO;60;231226;120000;557.4;557.6;552.8;556;280,756
VKCO;60;231226;130000;556.2;557.8;554.2;557.2;156,340
VKCO;60;231226;140000;557;557.6;554.4;556.8;205,679
VKCO;60;231226;150000;556.8;556.8;553.4;555;61,329
VKCO;60;231226;160000;555;555.6;553;555;74,647
VKCO;60;231226;170000;555;556.4;553;554.4;112,073
VKCO;60;231226;180000;554.4;555;551;554;159,317
VKCO;60;231226;190000;553.6;556.8;552.6;556.8;84,918
VKCO;60;231226;200000;556.4;556.6;553.4;554.2;49,462
VKCO;60;231226;210000;554.4;554.4;552.2;553.6;37,484
VKCO;60;231226;220000;553.8;554.2;552.2;553.8;26,128
VKCO;60;231226;230000;553;554.2;552;552.4;26,688
VKCO;60;231227;000000;552.4;554.2;551.4;553.2;31,960
VKCO;60;231227;110000;555;562.8;553.4;561.4;322,434
VKCO;60;231227;120000;561.6;561.6;557.2;557.6;168,851
VKCO;60;231227;130000;557.6;558;553.6;555.2;149,486
VKCO;60;231227;140000;555.2;557;551.6;553.4;163,930
VKCO;60;231227;150000;553.4;554.8;553;553.2;70,172
VKCO;60;231227;160000;553.6;556.8;553;555.2;106,569
VKCO;60;231227;170000;555.6;556.6;554;554.6;60,995
VKCO;60;231227;180000;555;556;552;553.6;107,218
VKCO;60;231227;190000;553.6;554.2;552.2;553.4;46,533
VKCO;60;231227;200000;553.4;554.2;552.4;553.2;38,589
VKCO;60;231227;210000;553.6;553.8;552.4;552.8;24,698
VKCO;60;231227;220000;552.8;553.2;552;552;66,193
VKCO;60;231227;230000;552;555.6;552;555.2;48,979
VKCO;60;231228;000000;555.2;556;553;553.4;26,439
VKCO;60;231228;110000;553.2;557.6;553.2;554.4;161,853
VKCO;60;231228;120000;554;562;554;559.2;159,560
VKCO;60;231228;130000;559.4;567;558.6;564.2;336,431
VKCO;60;231228;140000;564;564.2;558.8;561.2;126,787
VKCO;60;231228;150000;561.2;563;560;562.2;66,749
VKCO;60;231228;160000;562.2;562.8;556.6;556.6;80,115
VKCO;60;231228;170000;556.6;560;554.8;556.6;118,526
VKCO;60;231228;180000;556.6;558.2;556.4;557.2;32,120
VKCO;60;231228;190000;557;562;556;561.8;99,216
VKCO;60;231228;200000;559;566.2;556.8;565;102,452
VKCO;60;231228;210000;565;566.8;562;564.2;126,922
VKCO;60;231228;220000;564.2;565.6;562.4;564.6;48,602
VKCO;60;231228;230000;564.6;565.6;562.2;563.6;31,793
VKCO;60;231229;000000;563.6;564.2;562.4;564;29,424
VKCO;60;231229;110000;566;572.2;562.2;569;346,986
VKCO;60;231229;120000;568.6;570;567.2;568.8;86,324
VKCO;60;231229;130000;568.2;568.8;563.8;565.4;70,965
VKCO;60;231229;140000;565.4;566.4;560.2;564;106,682
VKCO;60;231229;150000;564;565;561.4;563.2;73,116
VKCO;60;231229;160000;563.4;564.6;561.6;562;45,511
VKCO;60;231229;170000;561.8;562;560.2;561.8;52,016
VKCO;60;231229;180000;561.8;562.4;560.6;561.8;46,015
VKCO;60;231229;190000;561.6;562.2;560.2;560.2;81,640
VKCO;60;231229;200000;561;561.2;557;557.8;54,918
VKCO;60;231229;210000;557.8;558.8;556.6;557.2;71,948
VKCO;60;231229;220000;557;557.8;557;557.4;36,913
VKCO;60;231229;230000;557.4;557.4;556;556.2;41,300
VKCO;60;231230;000000;556.2;557;554.2;556.4;75,913
VKCO;60;240103;110000;562;567;558.2;565.6;116,965
VKCO;60;240103;120000;566;567.8;565.6;566;83,340
VKCO;60;240103;130000;565.8;566.6;562;565.2;77,955
VKCO;60;240103;140000;565;566.8;563.6;566.4;35,071
VKCO;60;240103;150000;566.6;566.6;562.2;563.6;29,912
VKCO;60;240103;160000;563.8;566.4;563.6;565.4;19,918
VKCO;60;240103;170000;565.2;565.6;564.2;565.4;7,584
VKCO;60;240103;180000;565.4;566;564.6;565.8;11,610
VKCO;60;240103;190000;565.8;567.4;563.4;563.4;52,022
VKCO;60;240103;200000;563.4;566;563.4;565;14,938
VKCO;60;240103;210000;564.8;566.4;564.6;566;11,320
VKCO;60;240103;220000;566;568.2;565.6;567.8;39,530
VKCO;60;240103;230000;567.8;569.2;566.4;567.6;18,047
VKCO;60;240104;000000;567.2;569;567;568.8;40,440
VKCO;60;240104;110000;569.6;571.6;567.2;568.4;99,779
VKCO;60;240104;120000;568.2;574;568;572;93,778
VKCO;60;240104;130000;572;577.4;571.4;574.8;145,126
VKCO;60;240104;140000;574.8;578;574.4;578;101,929
VKCO;60;240104;150000;578;581.8;577.8;579.4;166,360
VKCO;60;240104;160000;579.4;583;575.8;582.8;139,966
VKCO;60;240104;170000;583;586;580.4;584.2;127,361
VKCO;60;240104;180000;584.2;585;580.2;581.2;67,015
VKCO;60;240104;190000;581;582.6;580;582.4;40,017
VKCO;60;240104;200000;582.4;586;582;584.6;58,186
VKCO;60;240104;210000;584.6;587;584.4;586.2;154,945
VKCO;60;240104;220000;586.2;586.6;581.2;584.8;56,232
VKCO;60;240104;230000;585;586.2;583.4;583.4;27,876
VKCO;60;240105;000000;583.6;586.2;580.6;584;50,999
VKCO;60;240105;110000;586;590;580.2;581.8;222,046
VKCO;60;240105;120000;582;582.4;576.4;582.2;166,989
VKCO;60;240105;130000;582.2;582.2;578.2;579.8;37,169
VKCO;60;240105;140000;579.8;580;577.6;579;30,092
VKCO;60;240105;150000;579;581;578.6;581;29,408
VKCO;60;240105;160000;581;584;580;583.4;46,709
VKCO;60;240105;170000;583.6;584;581.8;583;26,705
VKCO;60;240105;180000;583;583.4;578.6;579;31,340
VKCO;60;240105;190000;579;580;578.4;580;34,184
VKCO;60;240105;200000;582.8;582.8;578.4;579.8;26,833
VKCO;60;240105;210000;579.8;580;578.4;579.4;12,185
VKCO;60;240105;220000;579.4;580;579.2;579.6;7,296
VKCO;60;240105;230000;579.6;581.8;579.4;580;16,898
VKCO;60;240106;000000;580;581;579.2;579.4;17,444
VKCO;60;240108;110000;584;589.4;580.6;587.8;163,828
VKCO;60;240108;120000;587.4;592.6;585.8;587.6;373,609
VKCO;60;240108;130000;587.6;590.2;587;590.2;109,516
VKCO;60;240108;140000;590.2;593.8;589.8;591;180,544
VKCO;60;240108;150000;591.4;592.4;589.4;591.8;108,755
VKCO;60;240108;160000;591.8;592.8;589.6;589.8;55,974
VKCO;60;240108;170000;589.6;592.4;589.6;592;64,040
VKCO;60;240108;180000;592;592;588.2;588.8;78,881
VKCO;60;240108;190000;589;589.6;586.2;588.4;72,335
VKCO;60;240108;200000;588;589.8;588;589.2;12,807
VKCO;60;240108;210000;589.4;592.2;588.4;591.6;42,326
VKCO;60;240108;220000;591.4;591.8;589.8;590.6;34,578
VKCO;60;240108;230000;590.2;591.4;590;591;13,360
VKCO;60;240109;000000;591;591.8;589.8;590.6;31,486
VKCO;60;240109;110000;593;600.8;591.4;596.2;470,330
VKCO;60;240109;120000;596.2;609;596;607;578,429
VKCO;60;240109;130000;607.2;616.4;603.6;615.6;483,303
VKCO;60;240109;140000;615.6;623.2;612.6;618.2;699,235
VKCO;60;240109;150000;618.4;631.6;615.4;627.6;1,117,564
VKCO;60;240109;160000;627.8;628.4;621.6;624.2;666,640
VKCO;60;240109;170000;623.2;627;621.4;622.2;263,355
VKCO;60;240109;180000;622.2;624.6;617.6;620;427,905
VKCO;60;240109;190000;619.8;625.4;619.6;622;251,593
VKCO;60;240109;200000;623;625.4;618.8;624.2;103,759
VKCO;60;240109;210000;624.2;628;624;625.2;112,845
VKCO;60;240109;220000;625.2;626.4;624;625;104,686
VKCO;60;240109;230000;624.8;626.6;624.4;626.2;41,058
VKCO;60;240110;000000;626.2;627;625.4;626.8;52,650
VKCO;60;240110;110000;628;632;623.4;625.4;791,696
VKCO;60;240110;120000;625;628;624;624.8;275,392
VKCO;60;240110;130000;624.8;627.8;624.8;626;168,644
VKCO;60;240110;140000;625.8;633;625.4;632.6;405,163
VKCO;60;240110;150000;632.6;634.6;628.4;629.2;339,292
VKCO;60;240110;160000;629.2;630.2;628;628.2;185,436
VKCO;60;240110;170000;628.2;630.6;628.2;628.4;101,445
VKCO;60;240110;180000;628.2;632;627;630;205,065
VKCO;60;240110;190000;630.4;630.4;627;628;115,884
VKCO;60;240110;200000;628;629;624;625.6;81,187
VKCO;60;240110;210000;625.6;627.8;625;626.2;60,354
VKCO;60;240110;220000;626.2;626.2;624.6;625;58,600
VKCO;60;240110;230000;625.4;626.2;624.6;625.4;28,950
VKCO;60;240111;000000;625.6;626;620;622.4;77,004
VKCO;60;240111;110000;623.8;628;622.4;625.6;175,093
VKCO;60;240111;120000;625.6;628.8;625;628.6;151,451
VKCO;60;240111;130000;628.6;630;627.6;629.6;260,789
VKCO;60;240111;140000;629.6;629.8;627.8;628.2;131,815
VKCO;60;240111;150000;628.4;629.6;625.4;628.6;184,832
VKCO;60;240111;160000;628.6;629.2;626.4;627;117,375
VKCO;60;240111;170000;627.2;629.2;625;629.2;127,325
VKCO;60;240111;180000;629.2;629.2;625.4;627.4;105,746
VKCO;60;240111;190000;627.8;628.2;626.4;628;73,174
VKCO;60;240111;200000;628;629;625.6;626.6;60,347
VKCO;60;240111;210000;626.8;629;625;627.4;51,627
VKCO;60;240111;220000;627.4;627.6;625;627.2;36,798
VKCO;60;240111;230000;627.2;627.8;626.6;627.6;11,631
VKCO;60;240112;000000;627.2;627.8;626.2;627;10,556
VKCO;60;240112;110000;630;638.8;628.4;636.2;890,558
VKCO;60;240112;120000;636;637.4;631.6;634.8;462,999
VKCO;60;240112;130000;635;646.4;632.6;641.6;1,713,370
VKCO;60;240112;140000;641.6;649.8;638.2;643.8;1,597,480
VKCO;60;240112;150000;643.8;646.6;641.2;646.4;276,135
VKCO;60;240112;160000;646.2;647.2;645;646.4;322,975
VKCO;60;240112;170000;646.2;649.6;646;648.2;483,252
VKCO;60;240112;180000;648;651;641.6;641.6;708,391
VKCO;60;240112;190000;641.6;642.6;638.2;638.2;396,688
VKCO;60;240112;200000;639.6;640.6;635.4;639;183,905
VKCO;60;240112;210000;639;640.8;638.8;639.8;51,719
VKCO;60;240112;220000;639.8;640;638.8;639.6;47,157
VKCO;60;240112;230000;639.6;644;639.2;640;117,527
VKCO;60;240113;000000;640;640.8;638.6;640;73,423
VKCO;60;240115;110000;645;647;638.2;640;613,424
VKCO;60;240115;120000;640;657.4;639;655.4;965,493
VKCO;60;240115;130000;655.6;656.6;650.2;651.2;374,988
VKCO;60;240115;140000;651;653;644.4;645;309,491
VKCO;60;240115;150000;645;648.8;642.2;646.6;345,043
VKCO;60;240115;160000;646.4;650.4;644.2;644.4;226,781
VKCO;60;240115;170000;644.8;646.8;643.6;646.2;131,996
VKCO;60;240115;180000;646.6;646.6;642.6;644.6;89,484
VKCO;60;240115;190000;644.6;644.6;641.6;644.6;88,818
VKCO;60;240115;200000;641.4;644;640.4;642;42,278
VKCO;60;240115;210000;642;642.6;641;641.2;22,361
VKCO;60;240115;220000;641.2;644.2;641.2;644.2;36,893
VKCO;60;240115;230000;644;644.2;642.2;642.8;22,628
VKCO;60;240116;000000;642.8;644;641;642.8;29,915
VKCO;60;240116;110000;644;645;631.2;638.2;699,048
VKCO;60;240116;120000;638.2;641.4;636.4;640;172,411
VKCO;60;240116;130000;640;640.6;637.4;637.4;83,343
VKCO;60;240116;140000;637.6;637.6;634;634.8;203,444
VKCO;60;240116;150000;634.8;637;634.2;634.8;118,937
VKCO;60;240116;160000;634.6;636.2;631.4;633;251,332
VKCO;60;240116;170000;632.4;639.8;632.2;638.4;186,388
VKCO;60;240116;180000;638.2;638.8;635.2;637.2;83,897
VKCO;60;240116;190000;637.2;637.8;636;637.2;64,317
VKCO;60;240116;200000;637.2;638.6;637;637.4;25,133
VKCO;60;240116;210000;637.4;638;634;635.8;51,999
VKCO;60;240116;220000;635.8;636.6;635;636.4;10,484
VKCO;60;240116;230000;636.4;636.8;635;636;9,955
VKCO;60;240117;000000;635.8;636;635;635;13,379
VKCO;60;240117;110000;634.8;638.4;632.4;637;152,473
VKCO;60;240117;120000;637.2;638.4;634.6;634.8;94,849
VKCO;60;240117;130000;635.2;636.6;634;636;58,813
VKCO;60;240117;140000;636;636.8;634;635;42,748
VKCO;60;240117;150000;635.2;637.2;634.2;636;62,262
VKCO;60;240117;160000;636;636.2;634;634.6;55,415
VKCO;60;240117;170000;634.6;635;633.2;635;60,125
VKCO;60;240117;180000;635;635;632;634.8;67,054
VKCO;60;240117;190000;634.8;636.2;634.4;634.4;79,607
VKCO;60;240117;200000;635;636.4;634;636;50,388
VKCO;60;240117;210000;636;638;635.2;637.2;58,910
VKCO;60;240117;220000;637.2;637.8;637;637.4;30,398
VKCO;60;240117;230000;637.8;638;636.8;637.8;25,955
VKCO;60;240118;000000;637.8;638.4;637.4;637.4;44,062
VKCO;60;240118;110000;639.4;639.8;634.2;636.2;135,991
VKCO;60;240118;120000;636.2;636.6;635;636;86,007
VKCO;60;240118;130000;636.2;636.2;632.4;635.4;204,432
VKCO;60;240118;140000;635.2;636.6;633.8;636.6;143,967
VKCO;60;240118;150000;636.6;638.4;633.8;634.8;163,091
VKCO;60;240118;160000;634.6;636.4;633.6;635.2;90,230
VKCO;60;240118;170000;635.4;636.4;631.2;633;140,868
VKCO;60;240118;180000;633;634.6;632.2;634.4;57,140
VKCO;60;240118;190000;634.4;634.4;632.4;632.4;31,532
VKCO;60;240118;200000;632.4;632.4;625;627.8;273,139
VKCO;60;240118;210000;627.4;628.6;626.2;628.4;64,834
VKCO;60;240118;220000;628.6;628.8;628;628.2;17,667
VKCO;60;240118;230000;628.2;629;627.8;627.8;22,187
VKCO;60;240119;000000;627.6;628.6;626.4;628.4;27,196
VKCO;60;240119;110000;629.2;633.6;622.4;633.2;391,307
VKCO;60;240119;120000;633.4;635.8;628;633.6;205,183
VKCO;60;240119;130000;633.6;636.6;633.4;636.6;169,682
VKCO;60;240119;140000;636.6;638.2;633.4;634.8;262,942
VKCO;60;240119;150000;634.8;638.6;634;636;182,458
VKCO;60;240119;160000;636;637;630.6;632.8;160,462
VKCO;60;240119;170000;632.6;635;632.2;635;64,665
VKCO;60;240119;180000;635;637.2;633.6;634.6;110,419
VKCO;60;240119;190000;634.6;637.2;634.2;635.4;77,697
VKCO;60;240119;200000;636.8;638;632.6;634.4;24,159
VKCO;60;240119;210000;634.4;634.8;633.2;633.8;13,799
VKCO;60;240119;220000;633.4;633.8;631;633.4;41,593
VKCO;60;240119;230000;633.4;634.2;632.4;632.6;36,889
VKCO;60;240120;000000;633;635.8;632.2;635.4;57,577
VKCO;60;240122;110000;638;646.8;625;640.4;955,878
VKCO;60;240122;120000;640.6;644.8;637.6;644.6;203,894
VKCO;60;240122;130000;644.4;661.6;644.2;657.8;1,698,158
VKCO;60;240122;140000;657.8;665.8;654;658.8;1,326,904
VKCO;60;240122;150000;658.6;661.2;653.2;658.8;419,797
VKCO;60;240122;160000;658.8;661.6;652.2;653.8;344,412
VKCO;60;240122;170000;653.8;658.8;653.8;655.4;178,614
VKCO;60;240122;180000;655.4;657.8;653.6;657.2;136,669
VKCO;60;240122;190000;657.2;661;655.4;661;341,427
VKCO;60;240122;200000;660.8;662.8;657.8;662;165,655
VKCO;60;240122;210000;662;662.4;658.6;659.6;90,872
VKCO;60;240122;220000;659.4;661.2;659.2;661;63,772
VKCO;60;240122;230000;661;661.2;659.2;660.4;39,455
VKCO;60;240123;000000;660.6;662.6;660.2;662.4;85,748
VKCO;60;240123;110000;664;672.6;656.2;669;1,623,936
VKCO;60;240123;120000;669.2;670.6;663.4;666;586,865
VKCO;60;240123;130000;666.2;666.2;661.4;663.8;231,545
VKCO;60;240123;140000;663.6;664.8;654.2;656.4;443,712
VKCO;60;240123;150000;656.4;658.4;649.6;651.6;549,775
VKCO;60;240123;160000;651.6;657.4;650.8;656;211,561
VKCO;60;240123;170000;656;656;651.4;653;139,446
VKCO;60;240123;180000;653;659.8;652.6;659.4;215,894
VKCO;60;240123;190000;659.4;660;655.6;655.6;154,373
VKCO;60;240123;200000;653;658.4;652.4;655.2;32,789
VKCO;60;240123;210000;655.4;655.4;650;653.2;86,402
VKCO;60;240123;220000;653.4;653.4;652.4;653.2;21,767
VKCO;60;240123;230000;653.2;655;653;654.4;23,803
VKCO;60;240124;000000;654.4;656.6;654.4;655.8;23,269
VKCO;60;240124;110000;658.6;662.6;654;659.8;190,239
VKCO;60;240124;120000;659.6;660.4;656;657;109,972
VKCO;60;240124;130000;656.8;657.4;652.6;654;162,413
VKCO;60;240124;140000;653.8;657;651.2;655.2;100,282
VKCO;60;240124;150000;655.2;656.4;647.6;656;232,568
VKCO;60;240124;160000;656;658.8;656;657.2;116,529
VKCO;60;240124;170000;657.4;659.8;656.2;658;114,480
VKCO;60;240124;180000;657.8;659.6;656.2;657;80,426
VKCO;60;240124;190000;657.2;657.4;655.8;656;59,032
VKCO;60;240124;200000;656;657.6;655.4;657.4;23,121
VKCO;60;240124;210000;656.6;656.8;654;655.8;42,335
VKCO;60;240124;220000;655.8;655.8;654.4;655.2;12,503
VKCO;60;240124;230000;654.8;655.2;654.2;654.6;8,729
VKCO;60;240125;000000;654.4;654.8;653.8;654;12,389
VKCO;60;240125;110000;657.8;663;654;658;269,768
VKCO;60;240125;120000;657.6;660.6;656;658.8;135,741
VKCO;60;240125;130000;659;659.6;656.8;659;38,887
VKCO;60;240125;140000;659;661;659;659.2;92,688
VKCO;60;240125;150000;659.2;662.6;658.6;661;211,263
VKCO;60;240125;160000;660.8;661;659.2;660;104,533
VKCO;60;240125;170000;660;661.6;658.2;659;108,827
VKCO;60;240125;180000;658.8;661.4;656.4;660.2;144,410
VKCO;60;240125;190000;660.4;664;660.2;662.4;289,916
VKCO;60;240125;200000;662.4;664.2;659.4;664.2;82,182
VKCO;60;240125;210000;664.2;665;662.8;663;67,536
VKCO;60;240125;220000;663;669.4;662.6;668;146,136
VKCO;60;240125;230000;668;668.8;663.8;665.6;53,995
VKCO;60;240126;000000;665.4;667.6;663;667.2;38,026
VKCO;60;240126;110000;670.2;678.4;668;675.8;1,076,326
VKCO;60;240126;120000;675.6;676;670.2;672;320,171
VKCO;60;240126;130000;672;672.8;665.6;671.4;344,347
VKCO;60;240126;140000;671.4;672.6;665.8;667.6;190,728
VKCO;60;240126;150000;667.6;669.2;662.2;662.2;223,097
VKCO;60;240126;160000;662.2;684;662.2;680;1,678,867
VKCO;60;240126;170000;679.4;684.8;677.6;681.4;990,180
VKCO;60;240126;180000;681.4;681.8;677.2;678.6;300,135
VKCO;60;240126;190000;678.6;681;677.2;680;159,336
VKCO;60;240126;200000;679.8;681.8;678;678.4;76,168
VKCO;60;240126;210000;678.2;679.6;676;678;56,221
VKCO;60;240126;220000;678.2;678.8;677;677.6;42,077
VKCO;60;240126;230000;677.2;677.6;673.6;677;77,923
VKCO;60;240127;000000;676.8;677;674.2;675.8;43,337
VKCO;60;240129;110000;679.6;687;672.2;677.4;1,059,690
VKCO;60;240129;120000;677.6;679.8;676.4;678.2;197,976
VKCO;60;240129;130000;678.2;680;677;678.6;169,032
VKCO;60;240129;140000;678.2;680;677.2;679.8;89,080
VKCO;60;240129;150000;679.6;682.6;678.8;680.2;231,663
VKCO;60;240129;160000;680.2;682;678;680.6;174,061
VKCO;60;240129;170000;680.6;681.6;678.4;681.2;86,719
VKCO;60;240129;180000;681.2;681.6;680;680;69,468
VKCO;60;240129;190000;680;681.2;679.6;680;78,054
VKCO;60;240129;200000;681.4;681.4;675.2;677.6;78,625
VKCO;60;240129;210000;677.6;679.2;676.6;678;50,191
VKCO;60;240129;220000;677.6;677.6;675.6;675.6;52,576
VKCO;60;240129;230000;675.8;676;673.8;675.6;67,369
VKCO;60;240130;000000;675;677.2;673.4;677.2;49,490
VKCO;60;240130;110000;679;679.8;668.2;675.2;371,336
VKCO;60;240130;120000;675.2;676;671;673.8;116,531
VKCO;60;240130;130000;674.4;677.8;673;677.8;104,407
VKCO;60;240130;140000;677.8;679;675.8;677.2;167,762
VKCO;60;240130;150000;677.4;679.4;677;677.6;103,188
VKCO;60;240130;160000;677.4;678;677;678;45,648
VKCO;60;240130;170000;677.8;679;675.2;676;118,679
VKCO;60;240130;180000;676;677;674;675.8;61,718
VKCO;60;240130;190000;675.6;676.4;672.2;676.2;63,371
VKCO;60;240130;200000;676;676.8;672.4;674.8;51,421
VKCO;60;240130;210000;675.6;675.6;673.2;675;19,115
VKCO;60;240130;220000;674.6;675.4;672.6;675;41,891
VKCO;60;240130;230000;675;675.8;674.4;675;10,533
VKCO;60;240131;000000;674.6;678;673.6;676.8;30,011
VKCO;60;240131;110000;677.6;685.8;674;685.2;291,843
VKCO;60;240131;120000;685.2;685.4;680;685.2;297,910
VKCO;60;240131;130000;685.2;697.4;682.4;697.2;683,992
VKCO;60;240131;140000;697.2;700;691.4;693.2;752,823
VKCO;60;240131;150000;693.2;699.4;692.4;696.2;494,024
VKCO;60;240131;160000;696.6;698;693.4;695;213,148
VKCO;60;240131;170000;694.8;697;693.4;695.6;104,306
VKCO;60;240131;180000;695.6;696.2;693.2;694;88,598
VKCO;60;240131;190000;694;696;693.2;694.4;57,544
VKCO;60;240131;200000;694;694.4;687.2;693;199,001
VKCO;60;240131;210000;692.4;694;691.6;692.8;31,465
VKCO;60;240131;220000;692.8;693.6;691.8;693;51,654
VKCO;60;240131;230000;693;693.4;692.2;693.4;21,500
VKCO;60;240201;000000;693.4;695.4;692.8;695.4;29,718
VKCO;60;240201;110000;698.2;707;694.8;698.2;1,008,598
VKCO;60;240201;120000;698;699;692.2;697;443,930
VKCO;60;240201;130000;697;697;688.4;690;447,376
VKCO;60;240201;140000;690.2;693;687.6;692.2;215,395
VKCO;60;240201;150000;692;692.4;688.4;690.8;168,757
VKCO;60;240201;160000;690.6;691.8;689.6;691.4;57,229
VKCO;60;240201;170000;691.4;691.8;686;689.2;137,449
VKCO;60;240201;180000;689.2;689.6;688;688.2;93,907
VKCO;60;240201;190000;688.4;689.4;685;689.4;144,126
VKCO;60;240201;200000;688.8;689.4;686.4;688.2;29,901
VKCO;60;240201;210000;688.4;690;688;689;20,907
VKCO;60;240201;220000;689;689.8;687.4;688.8;37,608
VKCO;60;240201;230000;688.8;689.6;685.2;686.4;51,416
VKCO;60;240202;000000;686.4;687.2;685;685.8;40,061
VKCO;60;240202;110000;686;687;675.2;678.6;416,532
VKCO;60;240202;120000;678.4;678.8;671.2;677.6;607,089
VKCO;60;240202;130000;677.2;682.4;676;679.4;275,277
VKCO;60;240202;140000;679.4;679.6;674.8;676.8;84,123
VKCO;60;240202;150000;677;682.8;675.8;682.2;163,800
VKCO;60;240202;160000;682.4;682.8;679.2;680.2;102,516
VKCO;60;240202;170000;680.6;680.8;676;676.4;88,224
VKCO;60;240202;180000;676.4;679;674.6;675.8;169,121
VKCO;60;240202;190000;675.8;678.4;674.2;676;98,860
VKCO;60;240202;200000;678.2;682;675.8;679;99,873
VKCO;60;240202;210000;678.8;679.8;675.6;676.8;63,520
VKCO;60;240202;220000;677;678;675;675.8;47,441
VKCO;60;240202;230000;675.8;676.8;675.4;676.6;16,024
VKCO;60;240203;000000;676.6;678;675.4;677.2;71,812
VKCO;60;240205;110000;678.2;689.6;671.8;683.6;452,679
VKCO;60;240205;120000;683;685.4;678.6;680.8;223,858
VKCO;60;240205;130000;680.6;684.8;678.8;679.6;140,948
VKCO;60;240205;140000;679.8;680;676.2;678.2;91,525
VKCO;60;240205;150000;678.6;679.2;677.2;678.6;42,823
VKCO;60;240205;160000;678.6;680;678;678.4;92,612
VKCO;60;240205;170000;678.4;680;677.4;677.8;75,287
VKCO;60;240205;180000;678;679.4;677.2;678.8;74,574
VKCO;60;240205;190000;678.6;679.4;673;673;176,686
VKCO;60;240205;200000;673;675.8;672.2;675.6;52,898
VKCO;60;240205;210000;675;675.6;672.2;672.2;63,320
VKCO;60;240205;220000;672.4;674.8;672.2;673.6;35,759
VKCO;60;240205;230000;673.4;675.6;673.2;675;18,259
VKCO;60;240206;000000;675;675.4;673.8;673.8;12,887
VKCO;60;240206;110000;674.8;681;673;679;264,692
VKCO;60;240206;120000;679.2;680;674.4;675.6;118,320
VKCO;60;240206;130000;675.6;676.6;675.6;676;49,507
VKCO;60;240206;140000;676;676.2;675.6;676.2;54,718
VKCO;60;240206;150000;676.2;678.2;676;676.2;134,884
VKCO;60;240206;160000;676.4;679.2;676;678.2;161,857
VKCO;60;240206;170000;678.2;684;678.2;680.8;357,155
VKCO;60;240206;180000;681;682;677.6;678.6;206,936
VKCO;60;240206;190000;678.4;679.6;676.2;679;114,948
VKCO;60;240206;200000;679;682.4;678;680;40,726
VKCO;60;240206;210000;680;681.6;679.2;681.4;41,336
VKCO;60;240206;220000;681.4;681.8;680.6;681;23,441
VKCO;60;240206;230000;681.2;682;681;681.8;24,932
VKCO;60;240207;000000;681.8;683;680;681;44,317
VKCO;60;240207;110000;682;687;680.2;682;274,808
VKCO;60;240207;120000;682;682.6;673.8;680;325,404
VKCO;60;240207;130000;679.6;680.4;675.4;677.4;171,915
VKCO;60;240207;140000;677.4;679;674.6;678.6;191,774
VKCO;60;240207;150000;678.8;679;668.4;673;609,930
VKCO;60;240207;160000;673.2;674.8;672.4;674;119,595
VKCO;60;240207;170000;674;674.6;667.6;669.2;414,467
VKCO;60;240207;180000;669;674;667.8;669.6;262,242
VKCO;60;240207;190000;669.4;672.8;669.4;671;61,416
VKCO;60;240207;200000;671;671.4;668.4;668.4;59,179
VKCO;60;240207;210000;668.6;669;665;667.8;161,486
VKCO;60;240207;220000;667.6;667.8;662.4;665.4;280,720
VKCO;60;240207;230000;665.4;667.8;663.8;667.8;131,832
VKCO;60;240208;000000;667.6;668.6;664.8;666.8;52,742
VKCO;60;240208;110000;667;669.6;655.6;659.2;882,578
VKCO;60;240208;120000;659.2;661.2;656.6;658;311,479
VKCO;60;240208;130000;657.8;666.8;652.4;665;764,896
VKCO;60;240208;140000;665.2;674.6;663;674;782,420
VKCO;60;240208;150000;674.2;678;671.2;671.2;515,944
VKCO;60;240208;160000;671.4;675;668.6;673.2;197,747
VKCO;60;240208;170000;672.8;674.8;668.2;669;151,998
VKCO;60;240208;180000;669;673;666.8;667.4;143,632
VKCO;60;240208;190000;667.6;669;660.4;660.4;201,314
VKCO;60;240208;200000;661.8;664;658;663.6;147,582
VKCO;60;240208;210000;663.4;664;662.4;662.8;40,669
VKCO;60;240208;220000;663;663;660;661;44,145
VKCO;60;240208;230000;661;663.4;660;663;32,685
VKCO;60;240209;000000;663;663.6;660.2;661.2;19,086
VKCO;60;240209;110000;661.4;664;657.6;661.8;183,425
VKCO;60;240209;120000;661.8;664;658.6;663.2;171,278
VKCO;60;240209;130000;662.8;664;662;663.8;84,899
VKCO;60;240209;140000;663.8;664;659.2;660.4;111,051
VKCO;60;240209;150000;660.8;661.4;659.4;660;73,125
VKCO;60;240209;160000;660;663.6;659.6;662.4;84,893
VKCO;60;240209;170000;662.6;662.6;658;659;100,229
VKCO;60;240209;180000;659;659;653.2;656;364,179
VKCO;60;240209;190000;655.8;657.8;653.8;655.4;67,170
VKCO;60;240209;200000;656.4;659.4;654.8;657.4;57,067
VKCO;60;240209;210000;657.4;658.2;656.6;657.8;24,600
VKCO;60;240209;220000;658;660;657.2;658.6;39,047
VKCO;60;240209;230000;658.8;659.4;657.4;658.6;35,127
VKCO;60;240210;000000;658.8;659.2;658.6;658.8;19,185
VKCO;60;240212;110000;667.6;671;663.4;665.8;608,300
VKCO;60;240212;120000;665.6;667.6;662.4;665.8;241,341
VKCO;60;240212;130000;665.8;669.4;664.2;668.6;126,331
VKCO;60;240212;140000;668.6;669.4;666.2;667.8;130,324
VKCO;60;240212;150000;667.8;670;666.2;666.6;136,624
VKCO;60;240212;160000;667;669;666.2;666.8;61,999
VKCO;60;240212;170000;666.8;667;665.4;665.8;57,641
VKCO;60;240212;180000;665.4;666.6;665.2;666;64,802
VKCO;60;240212;190000;666;667;664.4;666;141,311
VKCO;60;240212;200000;667.2;667.6;664.6;667;31,409
VKCO;60;240212;210000;667;669.8;666;669.4;53,104
VKCO;60;240212;220000;669.4;669.6;667.2;668;35,949
VKCO;60;240212;230000;668;669.6;666.8;668.2;38,571
VKCO;60;240213;000000;668.6;671.8;668.2;671.8;104,048
VKCO;60;240213;110000;672.6;681.2;668.4;678.8;559,144
VKCO;60;240213;120000;678.8;679.8;675.6;676.6;182,031
VKCO;60;240213;130000;676.6;681.4;676;680.2;216,066
VKCO;60;240213;140000;680;682.6;678.4;680.4;196,360
VKCO;60;240213;160000;680.2;680.8;677.2;677.8;62,513
VKCO;60;240213;170000;677.4;683.8;676;683.6;366,071
VKCO;60;240213;180000;683.4;686.4;682.2;686.2;343,420
VKCO;60;240213;190000;686.4;689;684.6;688.6;295,601
VKCO;60;240213;200000;688;689;685.4;685.8;71,847
VKCO;60;240213;210000;685.8;691;685.4;688.4;122,498
VKCO;60;240213;220000;688.6;693.8;688;693.6;86,339
VKCO;60;240213;230000;693.6;696;692.6;693.6;152,161
VKCO;60;240214;000000;693.2;693.6;688;690.2;140,859
VKCO;60;240214;110000;693.8;698.8;687;691.8;499,978
VKCO;60;240214;120000;692;693.8;689;693.2;179,334
VKCO;60;240214;130000;693;694.6;690.4;693.6;164,562
VKCO;60;240214;140000;693.8;695;688;689;282,507
VKCO;60;240214;150000;689.4;693.6;688.2;688.8;113,518
VKCO;60;240214;160000;688.8;690;680.6;681.8;491,757
VKCO;60;240214;170000;681.6;686;681;686;191,480
VKCO;60;240214;180000;685.8;686;681.8;682.6;113,902
VKCO;60;240214;190000;683;683.8;681.2;683.2;57,493
VKCO;60;240214;200000;684;685;682.2;683;37,337
VKCO;60;240214;210000;683;683.4;681.2;682.2;30,519
VKCO;60;240214;220000;682;682.4;678;678.6;150,560
VKCO;60;240214;230000;678.6;681;678;680.4;33,953
VKCO;60;240215;000000;680.4;682.4;679.6;682;20,595
VKCO;60;240215;110000;680.8;684;675.4;677.6;309,929
VKCO;60;240215;120000;677.6;678.8;675.2;676.8;93,906
VKCO;60;240215;130000;676.6;681.8;676;680.6;150,082
VKCO;60;240215;140000;681;687.8;680.4;683.8;162,954
VKCO;60;240215;150000;683.6;691.6;681.8;690;271,210
VKCO;60;240215;160000;690;692;690;690.8;96,314
VKCO;60;240215;170000;690.6;692.8;690;691.8;173,682
VKCO;60;240215;180000;692;692;685.8;687.2;131,687
VKCO;60;240215;190000;687.2;710;683.8;700.6;1,216,056
VKCO;60;240215;200000;708;716;698.2;700.2;2,243,240
VKCO;60;240215;210000;700;700.6;666.2;681.4;3,361,481
VKCO;60;240215;220000;681.4;681.6;674;675.6;587,665
VKCO;60;240215;230000;675.4;676;670;674.2;388,284
VKCO;60;240216;000000;674.4;678.8;672.6;674.2;218,335
VKCO;60;240216;110000;677.6;678.2;659.8;663;2,400,865
VKCO;60;240216;120000;663;666.6;658.4;661;907,858
VKCO;60;240216;130000;660.8;668.6;660;665.6;782,914
VKCO;60;240216;140000;665.8;673.4;664.4;669;687,156
VKCO;60;240216;150000;669.2;670.6;663.4;665;460,886
VKCO;60;240216;160000;665.4;667.6;659.4;662;641,194
VKCO;60;240216;170000;661.4;662;659.6;660.4;417,880
VKCO;60;240216;180000;660.6;663.8;659.8;662.8;232,263
VKCO;60;240216;190000;662.8;663.2;660.6;662.2;144,717
VKCO;60;240216;200000;663;663;657;660;185,796
VKCO;60;240216;210000;660;660.4;658;659;72,753
VKCO;60;240216;220000;659;660;657.8;659.8;71,401
VKCO;60;240216;230000;659.6;660.4;659;659.4;64,654
VKCO;60;240217;000000;659.4;660.6;659;660;55,791
VKCO;60;240219;110000;660.2;663.4;653.2;655.6;589,031
VKCO;60;240219;120000;655.6;662;655;657.8;198,859
VKCO;60;240219;130000;658;668.6;658;667.6;287,859
VKCO;60;240219;140000;667.6;669.4;665;665.8;225,839
VKCO;60;240219;150000;665.8;666.6;662.4;664;133,716
VKCO;60;240219;160000;663.8;666.6;662;664.8;107,971
VKCO;60;240219;170000;664.8;668.2;663.6;667.2;75,580
VKCO;60;240219;180000;667;668;665.4;666.6;89,528
VKCO;60;240219;190000;666.6;666.8;663.2;665.4;90,138
VKCO;60;240219;200000;665.4;667.8;660;662.4;86,001
VKCO;60;240219;210000;662;662.4;660;661.2;40,143
VKCO;60;240219;220000;661;662.8;660.6;662.4;20,874
VKCO;60;240219;230000;662.4;662.4;660.2;660.8;29,163
VKCO;60;240220;000000;660.8;661;659.2;660.4;44,796
VKCO;60;240220;110000;660.4;665.8;655.2;664.4;250,942
VKCO;60;240220;120000;664.4;665.4;660;664.6;237,928
VKCO;60;240220;130000;664.6;665;659.2;663.6;224,328
VKCO;60;240220;140000;663.6;667;662.2;665.8;126,099
VKCO;60;240220;150000;666;666.6;663.2;664.2;58,414
VKCO;60;240220;160000;664.4;666;662;663.6;87,435
VKCO;60;240220;170000;663.6;664;660.2;661.8;58,456
VKCO;60;240220;180000;662;662.6;660;662.4;80,358
VKCO;60;240220;190000;662.4;662.8;660.4;661.4;71,949
VKCO;60;240220;200000;661.6;661.6;652.4;655;330,247
VKCO;60;240220;210000;655.2;655.2;645.6;653;437,071
VKCO;60;240220;220000;653.2;653.6;641.6;642.8;285,003
VKCO;60;240220;230000;642.8;645;636.6;643;481,942
VKCO;60;240221;000000;642.8;645.6;641.8;644.6;70,184
VKCO;60;240221;110000;644;653.6;635;649.8;844,054
VKCO;60;240221;120000;649.6;650;642.6;647;190,201
VKCO;60;240221;130000;647;647.8;637.2;638.8;253,111
VKCO;60;240221;140000;638.8;642.6;635.4;636.6;194,003
VKCO;60;240221;150000;636.6;636.6;626.2;633.8;650,527
VKCO;60;240221;160000;633.8;642.2;631.6;640.8;367,972
VKCO;60;240221;170000;640.8;645.6;637;644.6;243,523
VKCO;60;240221;180000;644;645.2;635.2;638.2;108,701
VKCO;60;240221;190000;638.2;638.8;633.2;634.4;102,653
VKCO;60;240221;200000;636.8;638.4;633;636.4;59,246
VKCO;60;240221;210000;637;640.8;635.4;639.4;56,473
VKCO;60;240221;220000;639.8;639.8;635;637;51,504
VKCO;60;240221;230000;637;641.6;635;639.6;108,211
VKCO;60;240222;000000;639.6;641.8;637.6;639;58,671
VKCO;60;240222;110000;642;644.2;635.4;641.2;309,856
VKCO;60;240222;120000;641.4;647.4;639.6;647.2;189,256
VKCO;60;240222;130000;647.2;649.4;643.4;643.8;134,068
VKCO;60;240222;140000;643.8;648.6;643.2;646.8;63,484
VKCO;60;240222;150000;646.8;648;646.2;647.4;41,959
VKCO;60;240222;160000;647.2;647.4;642;643.4;90,593
VKCO;60;240222;170000;643.4;644.6;637.6;639.8;98,735
VKCO;60;240222;180000;639.6;641.4;636.4;639.8;136,305
VKCO;60;240222;190000;639.8;640.8;636.6;637;44,893
VKCO;60;240222;200000;637.8;643.4;635.6;642.6;58,607
VKCO;60;240222;210000;642.2;647.4;639;641.2;82,763
VKCO;60;240222;220000;641.2;641.4;639;640.4;19,609
VKCO;60;240222;230000;640.4;642;639.2;641.8;28,530
VKCO;60;240223;000000;641;643.2;640;640.4;47,939
VKCO;60;240226;110000;653;659.4;649.2;653.6;650,072
VKCO;60;240226;120000;653.6;657.6;652.4;656;207,361
VKCO;60;240226;130000;656;658.8;654.8;658;204,695
VKCO;60;240226;140000;657.8;658.2;653.4;655.8;139,795
VKCO;60;240226;150000;655.8;656.4;653.6;656;61,898
VKCO;60;240226;160000;656;660.8;655.2;659;197,672
VKCO;60;240226;170000;659;659;653.2;654;139,252
VKCO;60;240226;180000;654;656.8;654;656;40,578
VKCO;60;240226;190000;655.8;657.4;655;657;41,898
VKCO;60;240226;200000;657;658.4;655.6;657.8;34,770
VKCO;60;240226;210000;657.8;658.8;656;657.6;38,894
VKCO;60;240226;220000;657.8;658;656.2;657.4;18,847
VKCO;60;240226;230000;657.4;657.6;656;657.4;19,994
VKCO;60;240227;000000;657;660;656.4;659.4;67,687
VKCO;60;240227;110000;660.2;663.2;658;658.6;221,862
VKCO;60;240227;120000;658.6;659.4;654.4;656.8;135,380
VKCO;60;240227;130000;656.8;657.4;651.4;653;128,684
VKCO;60;240227;140000;653.4;654;650.6;652;73,968
VKCO;60;240227;150000;652.2;652.4;646.6;650.8;142,180
VKCO;60;240227;160000;650.8;655;648.8;652.4;164,186
VKCO;60;240227;170000;652.2;653.2;648;649.8;87,081
VKCO;60;240227;180000;649.8;650.4;647;648;115,147
VKCO;60;240227;190000;647.6;650;646.8;649.2;101,866
VKCO;60;240227;200000;649.2;651.2;647.4;651;49,319
VKCO;60;240227;210000;650.8;651;649.4;650;17,643
VKCO;60;240227;220000;650.2;650.8;648;648.2;35,839
VKCO;60;240227;230000;648;648.6;646.8;648.2;37,133
VKCO;60;240228;000000;648.2;650;648;649;23,612
VKCO;60;240228;110000;651.2;654.6;646.2;652.6;483,019
VKCO;60;240228;120000;652.6;653;648.6;649.2;213,188
VKCO;60;240228;130000;649.2;649.6;643.6;645.4;284,363
VKCO;60;240228;140000;645.2;646.8;643;645.2;151,048
VKCO;60;240228;150000;645.2;645.8;643;644.4;69,656
VKCO;60;240228;160000;644.4;648.6;642.2;645.2;192,772
VKCO;60;240228;170000;645;645;641;643.6;137,588
VKCO;60;240228;180000;643.6;644.2;638.4;640;229,986
VKCO;60;240228;190000;640;644.6;639.8;644.6;141,902
VKCO;60;240228;200000;643.6;643.8;640.2;640.2;36,968
VKCO;60;240228;210000;640.6;642;639.8;641.8;45,401
VKCO;60;240228;220000;641.8;642.8;641.2;642.6;28,141
VKCO;60;240228;230000;642.8;643.2;640.4;641.4;49,058
VKCO;60;240229;000000;641.4;641.8;641;641.4;13,638
VKCO;60;240229;110000;641.8;643.2;638.8;642.2;110,537
VKCO;60;240229;120000;642.2;649;641.8;646.4;406,362
VKCO;60;240229;130000;646.4;649.6;646;648.6;118,969
VKCO;60;240229;140000;648.8;652.4;644.8;647.2;379,234
VKCO;60;240229;150000;647.2;647.8;644.8;647.4;110,102
VKCO;60;240229;160000;647.4;647.4;642.6;646.4;198,585
VKCO;60;240229;170000;646.4;647.4;646.2;646.6;54,058
VKCO;60;240229;180000;646.8;649.6;646;648.6;116,293
VKCO;60;240229;190000;648.6;652;647.4;652;128,895
VKCO;60;240229;200000;652;652;648;651.4;87,471
VKCO;60;240229;210000;651.4;654.2;650.4;653.6;178,864
VKCO;60;240229;220000;653.6;653.6;650;652;102,241
VKCO;60;240229;230000;652;653;650;650.8;80,336
VKCO;60;240301;000000;650.8;653;650.6;652.6;30,965
VKCO;60;240301;110000;665;667;656.6;662;1,101,788
VKCO;60;240301;120000;662;663;656.6;658.4;326,169
VKCO;60;240301;130000;658.4;660;657.8;660;229,413
VKCO;60;240301;140000;660;660;656.8;659;132,095
VKCO;60;240301;150000;659;660;657.6;657.8;152,069
VKCO;60;240301;160000;657.8;662;657.6;660.6;197,699
VKCO;60;240301;170000;661.2;663.4;659.2;661;229,664
VKCO;60;240301;180000;661;661;658.2;659;136,777
VKCO;60;240301;190000;659;659.6;656.6;656.6;166,030
VKCO;60;240301;200000;657.2;660;656.6;658.4;64,326
VKCO;60;240301;210000;658.4;658.8;656.6;657.4;63,525
VKCO;60;240301;220000;657;658.2;656.8;657.2;26,419
VKCO;60;240301;230000;657.2;658;656;656.8;46,381
VKCO;60;240302;000000;656.8;658;656;657.4;71,773
VKCO;60;240304;110000;661;665;658.4;659.2;471,986
VKCO;60;240304;120000;659.2;661;655.6;661;343,884
VKCO;60;240304;130000;660.8;662.8;658.8;661;238,624
VKCO;60;240304;140000;661.2;661.4;657.8;658.2;149,235
VKCO;60;240304;150000;658.2;660.6;657.6;658.6;129,804
VKCO;60;240304;160000;658.6;659.4;657.8;658.8;82,661
VKCO;60;240304;170000;659;659.4;657.8;658.4;76,989
VKCO;60;240304;180000;658.4;658.6;657.4;658.2;85,007
VKCO;60;240304;190000;658.4;659;658;658.6;56,317
VKCO;60;240304;200000;658.4;659;657;658.2;63,854
VKCO;60;240304;210000;658;658.8;657.6;658;36,785
VKCO;60;240304;220000;658;658.8;657.6;658.6;67,010
VKCO;60;240304;230000;658.6;660.4;658;659.4;103,940
VKCO;60;240305;000000;659.4;660.2;657.8;660;50,923
VKCO;60;240305;110000;661;661.6;654;658.4;392,135
VKCO;60;240305;120000;658;664.4;656.2;661;310,073
VKCO;60;240305;130000;661.2;661.2;658.4;659.6;120,967
VKCO;60;240305;140000;660;663.4;659.6;663;246,560
VKCO;60;240305;150000;663;663.4;659;660.4;126,318
VKCO;60;240305;160000;660.2;662.4;660;660.4;64,766
VKCO;60;240305;170000;660.6;661.4;659.4;659.8;38,521
VKCO;60;240305;180000;659.8;662;659.6;661.4;98,173
VKCO;60;240305;190000;661.6;661.8;660.2;661.4;41,410
VKCO;60;240305;200000;660;661;657.8;660.4;62,628
VKCO;60;240305;210000;660;661;659.4;660.2;30,864
VKCO;60;240305;220000;660.2;660.6;659.2;660;21,405
VKCO;60;240305;230000;660;660.6;657.8;658;39,869
VKCO;60;240306;000000;657.8;659;657.8;658.4;23,964
VKCO;60;240306;110000;658.4;660;655.2;656.2;165,858
VKCO;60;240306;120000;656.2;660;656.2;659.8;222,853
VKCO;60;240306;130000;659.8;660;658.4;659;64,628
VKCO;60;240306;140000;658.8;659;656.6;657.8;82,947
VKCO;60;240306;150000;657.8;658.4;656.8;658.2;42,500
VKCO;60;240306;160000;658;658.2;656.6;656.8;57,078
VKCO;60;240306;170000;657;657.4;655;656.8;99,805
VKCO;60;240306;180000;656.4;656.8;649.2;654.8;359,255
VKCO;60;240306;190000;654.6;656.2;652.2;654.4;86,957
VKCO;60;240306;200000;654.4;655.4;652.2;654.2;50,075
VKCO;60;240306;210000;654.4;655.2;653;654.4;34,116
VKCO;60;240306;220000;654.6;654.8;654;654.6;12,762
VKCO;60;240306;230000;654.8;655;652.6;653.6;39,122
VKCO;60;240307;000000;653.6;654.6;652.6;652.8;22,789
VKCO;60;240307;110000;655;658.6;652.8;658;184,635
VKCO;60;240307;120000;658;658;652.6;654;183,097
VKCO;60;240307;130000;654;654;651.2;652;107,275
VKCO;60;240307;140000;652;652.2;651.2;651.8;80,670
VKCO;60;240307;150000;651.6;653;651.4;653;69,031
VKCO;60;240307;160000;652.8;653;651.2;651.4;41,541
VKCO;60;240307;170000;651.2;660;651.2;659.4;660,080
VKCO;60;240307;180000;659.4;659.8;654;655;201,535
VKCO;60;240307;190000;655.2;655.4;651.8;654.4;137,088
VKCO;60;240307;200000;654;656.4;653.2;655.6;78,560
VKCO;60;240307;210000;655.6;657.6;654.8;655.4;73,114
VKCO;60;240307;220000;655.4;656;653.4;653.8;56,037
VKCO;60;240307;230000;653.8;655.8;653.6;654.6;68,174
VKCO;60;240308;000000;654.6;656;653.8;655;71,428
